{"vi_exp": {"vi_seed": 11624, "coeffs": [-0.6767780640956831, -2.3932422680638847, -3.412857820675101, -3.685600149167511, -2.378564115445242, -3.4630105839496146, -3.6652575100588285, -3.7607901473674237, -3.6370838412249316, -3.7322066918453514, -3.56918031633669, -3.0373941597042755, -3.9181805642587038, -3.897562712648514, -3.887147627338239, -3.84788216507175, -3.8002420885078863, -3.755235992744999, -3.699331953530248, -3.555177516058538, -3.5409637800716673, -2.9583960814399295, -0.5987542774510981, -3.2053086052839785, -3.253046563028755, -3.902102353829998, -3.8531469797934164, -3.778169539698822, -3.733761469501484, -3.70167563730428, -3.579830821265649, -3.548216509657148, -2.979874020147029, -2.9427681952030373, -0.4768096311333028, -3.6051500997781907, -3.753835379268674, -3.843819495228375, -3.8185536353491454, -3.7569756063061823, -3.6922572268588265, -3.575212151297747, -3.552965916325433, -2.96886019667895, -3.366610233814444, -0.6954016289048841, -1.8584308746700806, -3.6052922302352854, -3.8304721215995507, -3.788194001246527, -3.7471065927548723, -3.697078792213021, -3.5926249092146754, -3.536663195183092, -2.9779742772644773, -3.4888060260410674, -2.3909542194277535, -2.046558747666685, -1.1248333404301494, -3.0061558219731372, -3.807518805950974, -3.7352200678814804, -3.7161176085828527, -3.5514498438228204, -3.530587340047604, -2.960779782062921, -3.759024605205571, -3.482555581770796, -3.4431675257522283, -3.397163382555046, -0.4421105352971806, -3.315503329548691, -3.7424152623256024, -3.7014742031361956, -3.578764670700651, -3.5224664888576216, -2.982121666526439, -3.8480341693173385, -3.6849780207607727, -3.6423152601748865, -3.619529824187664, -2.9740294272569456, -0.4034478633173896, -3.3399583006289535, -3.696819463545242, -3.575321308162215, -3.5350131143678833, -2.9488163975938058, -3.8600726449996516, -3.7411959543424054, -3.742707010443684, -3.6908819077841546, -3.316891625696447, -2.6844839694450093, -0.3868869768563428, -3.3341982117817417, -3.562469294352139, -3.535921683041331, -2.9730928063740674, -3.8607757974211014, -3.773392271931959, -3.768376333929011, -3.740522558329701, -3.495782314429593, -3.0491386558181364, -2.371863020757685, -0.48183308184982854, -3.0856349396384792, -3.089656391170334, -2.947481719537621, -3.8635586728649565, -3.7878906983187046, -3.7663016693112725, -3.766984292953142, -3.5258285834285754, -3.16439658497544, -2.7111841800595826, -2.1696668788488074, -0.4223185201798602, -3.2127650551968725, -2.9580880664878233, -3.9128044517176073, -3.8568491948865744, -3.831423356947795, -3.8329483610476647, -3.654318420249936, -3.4324064369977405, -3.198042571497451, -2.991650596525778, -1.7915778222822978, -0.495011525233998, -1.7790071646816035, -1.5628215622538475, -0.3622028964905904, -0.0701181208667483, -0.024872863616639967, -0.3793075948940562, -0.04258610146999544, -0.019677343354577388, -0.017239640971298622, -0.033267915875547546, -0.030309716907271946, -0.04293050687302394, -0.08083319157840688, 0.010864545204233684, 0.025781539298658257, 0.021907886994715027, 0.0016876256402843823, 0.014467612621401324, -0.0019201496519039264, 0.019955779351993413, 0.018196239911387635, 0.012541813886866041, 0.014433084400486448, -1.339795003393559, -0.07761540849385895, -0.06752388663527292, 0.008664986898418282, 0.012864119531299838, 0.017888759160924136, 0.004532498787213309, 0.01736131881289693, 0.003094191675596519, 0.00861717995811223, -0.003879455870329937, -0.08297415382643726, -1.4426664060687047, 0.007248224653804194, 0.002350429762952501, -0.003385002760014258, 0.0033323688183368866, -0.004052104751923125, 0.003137820444663917, 0.005330105146073643, 0.007866118788832059, -0.0071021879651230685, -0.03681034045321495, -1.2090542592535138, -0.4393831712391562, -0.012412002090228774, 0.01103378899666477, 0.009129551501861715, 0.01022594897661813, 0.017147073705505705, -0.017165837754102003, -0.006956462464980071, -0.00019532467843683487, -0.020236728378268367, -0.2330273587652727, -0.348231044890133, -0.8820829457086962, -0.07729653830080441, 0.0008300291348489277, 0.009994580958140738, -0.007480877119760048, 0.011960279254229253, -0.008103189952586631, -0.016311268795060292, 0.0061478869575936, 0.003901609465444936, 0.0070322356070695105, -0.03653495200626917, -1.395294623519036, -0.017240690116351664, 0.006885372188449429, 0.004087671349631623, 0.0014505007405838913, 0.014554096348952784, 0.006496499146482739, -0.011356620659628619, 0.0059176801240999, 0.019295609937558057, -0.0037310014873843185, -0.06622630188478092, -1.3991002690479337, -0.0234907764391475, 0.009958440347699018, 0.01899552973784391, 0.01031441533857442, 0.03295235985085472, -0.011006263787384951, -0.011061576874429487, 0.013487558191010862, 0.01016890294388486, -0.009827805373200176, -0.09692069702350443, -1.3569717983045835, -0.008498675393453928, 0.015210818415976164, -0.0004498270826610974, -0.007853078174440236, -0.005276887958087626, 0.0076705459975104865, 0.00011443786557050771, 0.000569442395076174, -0.010870587190333555, -0.04857859691628077, -0.17035261242445052, -1.2420640522782205, -0.023071200772577523, -0.037814819339688735, 0.002942848006795633, 0.01015610986059939, -0.018764779028553825, 0.03805028545191572, -0.017104787428954757, -0.01232985329031949, -0.03780527038055653, -0.11608723050654608, -0.25051998392480346, -1.2042546949294726, -0.01730224547331911, 0.017924634700110402, -0.015358819370023227, 0.0009035442453857971, 0.0011148339648817693, -0.0012442202597438428, 0.009883924626446005, -0.008396411961637465, -0.0051541411685931135, -0.046368459779856736, -0.33032555140977443, -1.0977850278328376, -0.20449215206832327],