{"vi_exp": {"vi_seed": 43783, "coeffs": [-0.4829117328711559, -0.6295551127404918, -0.8089535269319216, -0.964832610266005, -0.917442457264665, -0.9780904224973594, -2.1488496582184844, -2.4919271099104705, -2.645895568522244, -2.7087961215983265, -2.646411579348976, -3.421157899087408, -3.6229941894838578, -3.5999110453722545, -3.575422667486254, -3.502952473923312, -3.385516610362957, -3.3268666883447704, -3.2766317382927688, -3.2391286928066103, -3.146020333363928, -2.9250938976153136, -2.1156511289266655, -3.3712462791712237, -3.596950249873206, -3.570380735123427, -3.492699402153418, -3.383212967109542, -3.3171921215312636, -3.2848335434603397, -3.2248751467073444, -3.1471897212679263, -2.922121169629151, -2.3005981117528984, -1.8164124257309666, -3.351604636804798, -3.582266451000088, -3.48798893862366, -3.3802355884996373, -3.3268452329755736, -3.2763966086550163, -3.2224635430751407, -3.1393763580365173, -2.915321289340784, -2.482425430071289, -2.12851457053812, -1.8370588500544078, -3.3213744574477655, -3.499279894059696, -3.3757640796927, -3.3223704242483465, -3.28814879509899, -3.2293500626294653, -3.1384023377408408, -2.9157304616028705, -2.7687751337031226, -2.5575235598929043, -2.3741599406252485, -2.0700620677631703, -3.2126190779967865, -3.3739252573062517, -3.318927419916707, -3.2748277460815376, -3.2249360868054757, -3.1474017158193384, -2.9162854313156363, -2.9926636369229844, -2.837661408069133, -2.716728296845593, -2.5259186955328805, -1.7611464073048704, -3.0507672198065454, -3.3339984113160814, -3.2716201011144697, -3.247717419946431, -3.147399134046563, -2.9223690436068166, -3.1248428101123507, -3.000417060906167, -2.9212939884034665, -2.783574997022184, -2.303599543151632, -0.40278678057763734, -3.005084005727749, -3.283030772556109, -3.2281028428571354, -3.146811418624934, -2.9207244164982624, -3.2102600407091617, -3.1226398245995624, -3.0441654894820305, -2.9205332192560456, -2.548468216892709, -1.648913918405437, -0.44689367509214806, -2.9871438099522307, -3.2299014246173114, -3.1446880627066793, -2.907275181640715, -3.2701204515658557, -3.1697171541206286, -3.1079422662707867, -2.995727387718382, -2.667095455899356, -1.9827414313692853, -1.446965822185365, -0.613805216851645, -2.937445648797183, -3.1499916762825197, -2.9056288992375316, -3.3074544676034416, -3.2191129780701453, -3.1695711271734153, -3.0816797939706233, -2.791068295858682, -2.218781917039244, -1.8520792796708043, -1.4773385046069436, -0.7072234290689512, -2.8323509715911808, -2.922537393847826, -3.371848384197326, -3.287092967784837, -3.2402244522268573, -3.1659063844612945, -2.9341329169198755, -2.4803707792722136, -2.2349674213444177, -2.0139070761959137, -1.6809334993319305, -0.548848921239456, -2.4836873979468583, -1.6079332647732179, -1.4716096098216698, -1.3099238205045747, -1.183608707178888, -1.2127915326508947, -1.1601599673638798, -0.390467015081967, -0.24597399229285288, -0.19492202037397355, -0.18762609132876262, -0.20743068978762602, 0.00013877272761289992, 0.004643212271688181, 0.0006176252280263799, 0.010010496928587161, 0.01255975554160014, 0.009333640496423847, 0.0039491141323424435, 0.001428871331583789, 0.0011282119302828742, 0.006179463010251382, 0.002004286075505563, -0.2312729419962161, -0.0012214565063673303, 0.015129369644908842, 0.014090910104487289, 0.00834132193729721, -0.004164970170193687, 0.0037568566275055014, 0.00655621317700135, -0.0047090426943124, 0.00024246543421049346, 0.0005487313266449077, -0.17493693670573537, -0.3274114478706645, -0.0037089331091535232, 0.0004926227453689278, 0.002605065465605741, -9.457154739508985e-05, 0.004812646454026471, 0.00821049647073392, 0.005090810953565224, -0.0005104642776111632, 0.012468510380933159, -0.12216920315021704, -0.2140924420065627, -0.3193554099273715, -0.0033778653776870993, 0.00827697495938854, -0.0037179612201526267, -0.0031480812206948657, 0.008239245777254984, 0.005290119965838478, 0.012822045514977126, 0.01739856937465448, -0.07300153614488963, -0.10265090547722873, -0.141167908874052, -0.21692865973211695, -0.008587612863282714, 0.01221420902983048, 0.011870732028764678, 0.0014986869991648745, 0.003930770316608904, 0.0011502681390522145, 0.002639805551683755, -0.0329309092726534, -0.049698749871474934, -0.06799755660589138, -0.10349789333925007, -0.30268092877845537, -0.005739426914155297, 0.006317921980328498, -0.0035326951663109474, 0.00475512050841894, 0.018488682066140995, 0.00427913601337144, -0.011666363088942582, -0.025934503315336806, -0.03955279712708614, -0.043474782013598924, -0.13066461776843386, -1.0532895189732818, -0.004555252960922028, 0.018702324206235427, 0.009030840033604234, 0.015207223239110482, 0.011621190469807025, -0.007252729598670708, -0.026010958903140566, -0.021438835430391313, -0.04135169832616616, -0.07296704900101991, -0.3097342569390051, -0.9606801571520704, -0.008817833637508493, 0.007838474750620626, 0.008831916855606636, 0.011892234446693089, -0.007651959833791264, -0.0057602667986461345, -0.027369321530674992, -0.024418578831957506, -0.0664351899282741, -0.19183907956375187, -0.3592527116417496, -0.8091851727423263, -0.002035983908746323, 0.01007091710322939, -0.0046648205830869625, -0.009369065015340985, -0.011027830996960844, -0.00951376620978366, -0.009075262577729563, -0.030687516409095363, -0.11088556076333714, -0.20430810740376878, -0.32765234101122426, -0.7130707976136658, 0.001389155045901928, 0.002806043172979917, -0.0030008523318139973, -0.005587801276100576, -0.003173787547158888, -0.010184821247593094, -0.02774481629969864, -0.07214599762224758, -0.10867523459098656, -0.14228319225167269, -0.24629716829297163, -0.7674615961189253, -0.019896405362681214],