{"vi_exp": {"vi_seed": 63842, "coeffs": [-0.5725750826985324, -3.842835226605351, -3.89543041987674, -3.9188224964346987, -3.028765785494192, -3.287255407325484, -4.129527208299456, -4.343901023569472, -4.353456671634878, -4.439403122970006, -4.517819061541668, -3.805411106869594, -4.276101753477845, -4.250085122134977, -4.235445258180302, -4.158276749894211, -3.937908125732418, -3.7738503616166357, -3.675609051014647, -3.5911128023094956, -3.3617847616821774, -2.9593773325628803, -0.08225017944712164, -3.9902167995464355, -4.274685431472153, -4.255884669615832, -4.144921387556566, -3.968126371134498, -3.7813427642299793, -3.6708946929516615, -3.590277469394913, -3.380133205130558, -2.991427486630629, -2.325995349391073, -0.18157746303385663, -3.9638943203221944, -4.263536138599258, -4.1647295236315545, -3.9346059741310477, -3.766731790867572, -3.6568858962746233, -3.5759116185700344, -3.3766596329978893, -2.956230948240578, -2.745831806532153, -2.1892369154715907, -0.2906255467673615, -3.955918866650706, -4.143471721726102, -3.9343721534070344, -3.775399848795195, -3.695068385848348, -3.6025501553726333, -3.3845709560048816, -2.9708677468042892, -3.014279329943036, -2.6440108771773154, -2.165258130541095, -0.4371660661239824, -3.648333120908589, -3.9477141759343475, -3.7903408505085325, -3.6777963169337817, -3.596122189961434, -3.387537213298288, -2.9587328484210524, -3.729736487590663, -3.6244468620278867, -3.5347197884344603, -3.436620026492056, -0.07921787076196303, -3.32224146922234, -3.77311958575045, -3.6594159404711943, -3.5887300542944085, -3.3779000986703855, -2.938468646594976, -4.074733901612526, -3.9685839174934134, -3.9496255695900175, -3.898108681382101, -3.4301091217694886, 0.21255855671512333, -3.348694736044152, -3.668004988493532, -3.5809324079765594, -3.383243138551162, -2.9730228013584803, -4.132311574011032, -4.112902236011454, -4.077049704792202, -4.040263507627131, -3.7253945985358086, -2.8196208650482637, 0.34638871796275017, -3.319435338251172, -3.4653220936528393, -3.3993247202945067, -2.9609947380312613, -4.128253635328156, -4.076479310200349, -4.058943502569823, -4.043314815845926, -3.7300916661313903, -2.8903690005606437, -1.081384814021954, 0.17756401000544075, -3.2290723337534226, -3.395846308705008, -2.982307806250383, -4.209686046804218, -4.154229316064347, -4.121706124886719, -4.121136289277601, -3.872140252593513, -3.3150764166434152, -2.6075859714914307, -1.8365461919321515, 0.4020862566993385, -2.9665124775082545, -2.958873327021469, -4.215746867051291, -4.198268765524735, -4.176286694124875, -4.155405720686316, -3.978670172287454, -3.5291299246131937, -3.0987268918952013, -2.758383592947709, -2.4579116403054067, 0.6772023664247617, -2.4066998185427395, -1.9323325025900573, -0.06673768481917748, -0.060219389471696604, -0.05273017791336603, -0.26135635914091376, -0.1731253202906773, -0.00822792146465268, -0.0034045959264124145, -0.015387437153663865, -0.000496929817756897, -0.009580442227966059, -0.02039862761478126, 0.00728823212176941, -0.0066074849532507425, 0.015132477920068168, 0.016072545597494558, 0.009066134157590248, -0.0006747346326341382, 0.004215734101339674, 0.008801720399317346, 0.01592323238375706, 0.025772080816872083, -1.877344885326297, -0.002175350017107209, -0.00818257282984843, 0.015678501810579983, 0.01390449105229689, 0.006130085231548503, -0.0015493683534942167, 0.005260308216618896, 0.023728302090288096, 0.008875090844513453, -0.02106310918044422, -0.2823572201332673, -1.756747910501115, 0.004761431920403797, -0.014266963674903477, -0.002857683279546169, 0.0023660617809405727, 0.027557717763557133, 0.004319880145165101, -0.004109019970346978, -0.00683951929998957, 0.017512898291218288, -0.16172561164871557, -0.33771826925005904, -1.6501452923425077, -0.014506463926301108, -0.007317548209314833, 0.0031176913789599733, 0.008221660498922083, 0.0018005996525950684, -0.0002445601323193458, -0.0026926803112785045, 0.016275290447487222, -0.08930061747433103, -0.19110123698744202, -0.3435681861015329, -1.5166632632630042, -0.019718175091152586, 0.02572190190672807, -0.0019247331375867194, -0.007546302072193137, -5.975760471724527e-05, 0.007564326644305944, -0.0016953006921251123, 0.0011256300117586221, -0.018576468479708865, -0.01928289188356025, -0.049045421831202994, -1.718509424000768, -0.01663523025863784, -0.0035440989810661115, 0.024025770216574587, -0.002195037773578268, 0.01680452237530817, 0.01925119497205268, -0.004309516470612438, 0.005687677489623478, -0.0077539320674469905, 0.001754719672291458, -0.009977993189570697, -1.8170726484154052, -0.004715054908803095, -0.002692750766158279, 0.00772600008782522, 0.0023860015613800674, -0.004497007329164648, 0.013486847288043639, 0.0032206553623671543, 0.022741669636360054, 0.0030315441022888702, 0.0056739119527910425, -0.06843064555707154, -1.7767222052994887, 0.007216297207787352, -0.006339658510735884, -0.010903845398496986, 0.005144688970720182, 0.018158965676731652, 0.018686289912407998, -0.014519965478003726, -0.004105253327299943, 0.013150850001948487, -0.052679018978050454, -0.6616665035970541, -1.5342228873959511, 0.01310736823122955, 0.003483460261700761, -0.0037233870944227017, 0.006488565828412201, 0.017673849926640593, 0.010775402330087972, 0.008859978144744655, 0.007810131290171796, -0.03207397019710934, -0.08064767425366681, -0.2519864439394854, -1.6619883292410718, -0.021937465274021038, 0.0047814347839711755, -0.009038415403054969, 0.008001283651706213, -0.007140312638165339, 0.018452545860321197, 0.0020118968575527736, -0.0004203342907952167, -0.025020481220761507, -0.04297140985613174, -0.07984005843653108, -1.7282614777434366, -0.030602565951146306],