{"vi_exp": {"vi_seed": 59575, "coeffs": [-0.4849345480360689, -0.6261798283852567, -0.8071213101211125, -0.9433808344172571, -0.9169385234366048, -0.9829353399027639, -2.135644623644027, -2.4925610503133417, -2.6440767130449854, -2.7178997331325268, -2.649124178828331, -3.413883414246734, -3.6241517328734356, -3.5883559763868518, -3.584032827705793, -3.4979316231265836, -3.350976101057, -3.3266135813475284, -3.2791235089320696, -3.255515507099864, -3.1400822806660655, -2.9126358777975447, -2.1090773150300457, -3.3636013130210616, -3.62166857676601, -3.5627886701401694, -3.5007960824052846, -3.365304358034301, -3.3278067740083115, -3.2748229486404297, -3.240800576069433, -3.1451477984203557, -2.9076286928340997, -2.2844349053194017, -1.8282708319510106, -3.334056383474191, -3.589292926938783, -3.501761820228333, -3.36725502027118, -3.3194433713971425, -3.254982890933962, -3.236311081489848, -3.1589227428141466, -2.9280302930130233, -2.477073998586397, -2.1485255667892105, -1.8360861228256302, -3.3152265831607353, -3.493602480784064, -3.370980834778502, -3.3514649370877527, -3.26619111115655, -3.2284126125301036, -3.154520417467091, -2.9403533182251054, -2.7758404336721605, -2.5378567380274895, -2.377313832768356, -2.0570092206490953, -3.2036613139592327, -3.3827405139193667, -3.322176998222099, -3.286784915534602, -3.2182738067571877, -3.1488161957142617, -2.923424591370288, -2.9805137787217255, -2.8407072360886403, -2.7221710774980337, -2.521918932229723, -1.7567797611902358, -3.0478970011822613, -3.3148530376911585, -3.3000787348666, -3.2511294485601616, -3.1436597169361242, -2.9256867594334572, -3.1212116020470986, -3.0083269376143464, -2.9351448982962407, -2.7920628372340515, -2.2944151273008115, -0.4036205591816262, -2.990441191667991, -3.262349378609139, -3.2217668803391204, -3.140596559136923, -2.9187550091231924, -3.1980610478763416, -3.1083967830256074, -3.0305665643092903, -2.901128627227444, -2.517426246576549, -1.6510373001900995, -0.4579661168212541, -2.9613926538034296, -3.223492245214588, -3.143349479656335, -2.9220703333081066, -3.2726913606308683, -3.1757922926703577, -3.1021417752619516, -2.9911511533816424, -2.679775069248859, -1.9786434436807574, -1.4360230673274195, -0.6237278305126824, -2.9287241968009465, -3.1513224679841327, -2.92642685416751, -3.296555491370491, -3.2036973195978806, -3.1647795401778653, -3.067670926045785, -2.7759593595928544, -2.2213810872132997, -1.8759741524801217, -1.4784109058475556, -0.7068351718420414, -2.824558166536145, -2.9108121055699003, -3.367104869137404, -3.2888258508332218, -3.238977019093753, -3.1690870594432314, -2.935754403610136, -2.5053570140456367, -2.226696462556291, -2.007895525385614, -1.663084054720315, -0.5465863281021536, -2.503498443881166, -1.5970716731673174, -1.4895409597760165, -1.3017314597803586, -1.1836697921278068, -1.1988552560455912, -1.1530505761085386, -0.4020291092188185, -0.24889819550596573, -0.193691827154458, -0.17770598901542703, -0.18778185346080986, 0.009141429966686092, 0.014072414213730334, 0.013880668099664173, -0.005298563947630382, 0.0029696491885697947, 0.02357920892807988, 0.009719215174681186, 0.004973986430594487, 0.00197754983213018, 0.01052850033402228, 0.02214731689741842, -0.24989950020868565, -0.0017520503673937088, 0.007829165797188951, 0.015258817485306076, -0.0003507920732725092, -0.0076883788442045084, 0.001119207469931331, 0.012300581041971292, 0.005850267789598957, 0.014622716287494971, -0.0047316602169983546, -0.18770406810070198, -0.3189156404377984, -0.003659722143358167, -0.0023399464433197406, 0.0005744229922449185, 0.009792858799961725, -0.01383274060190398, 0.008776887467919454, -0.0011009815182384277, -0.020867541831261664, -0.008245050146592593, -0.12464714314978774, -0.22433752071080965, -0.33248017488758397, -0.018068878771130725, 0.013207633323231511, 0.009914086661493408, -0.007361653523219007, 0.00738610984475564, 0.006215686007657884, -0.0004795757070918646, 0.008166441802505836, -0.04611788466685779, -0.10159752681282601, -0.1257698549650686, -0.21006340712012722, 0.012886689473858529, -0.02543491089307843, -0.0032734600857614324, 0.02588638191175526, -0.002216436908691662, 0.02203443520577288, 0.007423886866414665, -0.035274923165455156, -0.058056882050921445, -0.05907963925187083, -0.11632676438718817, -0.3159269620519867, -0.013784913289444149, 0.024076159554902166, -0.005130615535320314, -0.004526592429590132, 0.012704664325723375, -0.0015353810733827224, -0.0054933470861892614, -0.029677140031041962, -0.040229534881889684, -0.035668154590883294, -0.11854148567210804, -1.0451525958722674, 0.006113095944877025, 0.015025360939203312, 0.0038075491840379675, -0.0017997219193085438, 0.005854999840300517, -0.01708512154947469, -0.012330809721866856, -0.02783493303305089, -0.029824441197785774, -0.06467683671141325, -0.3129922021092086, -0.9663235528416134, 0.0005547930531999564, 0.016850681329997643, 0.004745821836365272, -0.0029028499098788774, 0.0106619673130658, -0.009193686739072813, -0.020716806005792412, -0.014557913646189746, -0.06988699958260107, -0.18665559788578176, -0.3507222411515209, -0.8155127511985613, 0.003175214686510427, 0.012011804807171319, 0.0053977418890391905, 0.018413271565966866, -0.02100053529543122, 0.0031617656804850034, -0.014527588669006919, -0.055223632811163874, -0.11837215479293857, -0.21795510817953131, -0.3263926978489815, -0.707947987382099, 0.002988052978817731, -0.012553529842827418, 0.028689909827506764, -0.011348771296956998, -0.0010007493607792932, -0.01657886089973659, -0.01044949403128149, -0.07638723596763611, -0.11457450106942055, -0.15215431463305082, -0.23220058147393838, -0.7683938752358845, -0.022837632615648515],