{"vi_exp": {"vi_seed": 29694, "coeffs": [-0.6139538761429604, -3.6464786754928435, -4.199939052776514, -4.387375802890577, -3.705215327902025, -4.236425080101502, -4.402173194590749, -4.471575526180019, -4.443119180814224, -4.4538779633298695, -4.332907806241744, -3.2574440797988484, -4.394638847561238, -4.398173999122096, -4.397163454006465, -4.314792144685461, -4.249986793864624, -4.186790827836336, -4.144061905351146, -3.9984484910947113, -3.941975225812695, -3.030536889244926, -0.23473779110994297, -3.6900432885332255, -3.7096845031270966, -4.371674917275933, -4.324583259449564, -4.243665590479949, -4.173046636395878, -4.139117208723083, -4.001165231392536, -3.962365346815113, -3.0176314053962683, -3.2884938800864565, -0.21949813511215652, -4.082158602129802, -4.298869683437255, -4.329066142022067, -4.263187094782982, -4.205066570688748, -4.141381550516714, -3.9901602930515403, -3.9441396220603355, -3.011705277749192, -3.8099960778846818, -0.7759516055181347, -1.0425799806428213, -4.040392144470881, -4.332861755344865, -4.242457470280104, -4.187352050644352, -4.14384243924062, -4.005027065014925, -3.9575152299214444, -3.022631373222018, -3.950090052829789, -2.8414688959317744, -2.4592353999034144, -0.42006641352001256, -3.5565413326713684, -4.254191157571419, -4.176273548823763, -4.162356061734761, -3.9882977342645862, -3.969331646153655, -3.032007229130399, -4.200160696292416, -3.9634994356664768, -3.889629362806711, -3.7890386204262163, -0.1702131591551429, -3.755001055527223, -4.188471749627584, -4.1346859171213035, -3.9790791239307426, -3.9417798250035965, -3.0278194006031294, -4.313949971042729, -4.141891855226842, -4.119484385674813, -4.088989183916238, -3.4278517352868945, -0.10453947113099661, -3.793888943966262, -4.160532745943009, -4.005626477224725, -3.9537954872435437, -3.0285698602669826, -4.351356408909533, -4.229848365192815, -4.2020619466502, -4.16671317403988, -3.80349309872908, -3.1161041743035267, -0.06377206452077419, -3.8063837539369687, -4.014784840043485, -3.9461006692517864, -3.0352309816249607, -4.350624567983492, -4.27270294260492, -4.229694625438062, -4.203510689740699, -3.916549018800676, -3.455552720710974, -2.69318557454886, -0.0828199240916159, -3.5150555093905234, -3.4606947739684633, -3.0251982331167806, -4.3427188426375904, -4.259054302263327, -4.268853252143993, -4.232346278965166, -3.9649833982149896, -3.567163911017531, -2.922343126621277, -2.1258173083849585, -0.04122460626264586, -3.642392925297757, -3.041867794393054, -4.383210468939212, -4.321996186997249, -4.274967936503533, -4.28760596385037, -4.129131666637962, -3.8985453130312795, -3.606331078830516, -3.345451665059325, -2.0824906190696684, -0.16689632039169988, -0.5279424306044979, -1.928515602372292, -0.09588091737584782, -0.020501961494306296, -0.02291273874519113, -0.07952257300463235, -0.003213999574229415, -0.00918450828322787, 0.010556646732666833, 0.0010607824038506566, -0.015178824708168, -0.017785310259043577, -0.09279592296756621, 0.010743738323791377, -0.011813242668691033, 0.006865528399463322, -0.0035499284674040967, 0.009086812587382342, -0.0052094472047150816, 0.009086673994228744, 0.0018115259438446598, 0.0168389138177479, 0.014448293939901751, -1.8402107366889804, -0.05194596353308524, -0.017324812756992998, 0.010744430391736517, 0.0008391296501254878, 0.02226141245558327, -0.003860402990763775, 0.012066284125649682, 0.006121933547415541, 0.011701205709638207, 0.019136821956542708, -0.0900973992801667, -1.8473871018624226, -0.01039989731758314, -0.010409176426719693, 0.0031414530566815616, 0.006371235728581845, 0.010674494057308153, 0.0016486258375704621, 0.00033137570577630694, 0.002334616754583227, -0.000943702037633314, -0.017577702841382215, -1.3108517621953644, -1.1025346441380068, -0.00021750707356278933, 0.006246728859378119, 0.020092559844532402, -0.005899089421182545, -0.013542890504705573, 0.008144535126857854, -0.005854691879399371, 0.0007296757361489327, -0.013629476541966482, -0.1734168223540963, -0.26550612782254485, -1.6353258076728745, -0.06461338580849785, 0.010523286279906455, 0.012531407323542925, 0.0016524547461494892, -0.011999202304219723, -0.01711664329305095, -0.0026477219579529475, 0.02195955289472928, -0.021566571017697753, -0.008167316828242866, -0.0009792439737097865, -1.7976656204284465, -0.016146636420050445, -0.009544440499447599, 0.02398609665067972, 0.0066524668051389955, 0.010808260490314574, -0.0071770457780503056, 0.01091091690706567, 0.01406245467453879, 0.0037305042844352695, 0.003687012617082563, -0.021809558024734537, -1.8212371731378172, -0.023395998282104265, -0.0013089164151776516, -0.007294124518874867, 0.0034884648833809115, 0.004019426598329765, -0.015920624209851506, -0.0026729037541969518, -0.0019286003724160031, -0.016178454181785082, -0.024913078760686953, -0.08339601211675376, -1.7729617346844218, -0.007717458977744682, -0.007701485000110878, 0.004115798545081601, -0.01221786623984967, 0.00653686806269291, 0.007524099679494057, 0.018197362514436863, 0.008250318276230123, 0.012486482079142856, -0.02891495704868362, -0.14098737533109176, -1.7173880154049703, -0.014876133002917305, -0.017906097241850678, 0.012963701448704167, 0.02057903190802437, 0.016970560923026946, -0.0017826412408062148, 0.013419956850837788, -0.00572872116801078, -0.028333840050561266, -0.10581090624352794, -0.32746651100546015, -1.6190251980004435, -0.004058012509151634, -0.006321978333940532, 0.011175956560732822, 0.015982480285931383, 0.028528736349131497, -0.009337844776857408, 0.004319956455505245, -0.017216712902960302, -0.018536838380880966, -0.014452980184766416, -0.2872301490357054, -1.4989667020605684, -0.6946303027106008],