{"vi_exp": {"vi_seed": 51340, "coeffs": [-1.332538096354958, -3.9204240443938843, -4.323171088717793, -4.191285446471769, -4.107272242221875, -4.1090785956203915, -4.279790164306482, -4.5086226314362134, -4.538252543233275, -4.390196962909034, -4.217944450194376, -3.1553659839000066, -3.895659518716763, -3.8885856084772636, -3.8722279708613576, -3.8438279667943993, -3.8178094083025873, -3.7567008688640926, -3.721724804858004, -3.673500431416732, -3.5370638536540535, -2.9216911769509637, -0.3585131214164835, -3.387340498636449, -3.8855150147154256, -3.8870390144456484, -3.8624103724318, -3.822475233807542, -3.7409365055391914, -3.7251772771690073, -3.6722270080300636, -3.526813922926459, -2.9028095467986055, -2.9903147810833532, -0.4053142392185536, -3.5225574526760135, -3.865045318989878, -3.8418207654768235, -3.8277472891380167, -3.747923900251799, -3.7233283462996436, -3.6831509309976047, -3.5511045905701604, -2.9047881179893555, -3.274373924903975, -2.550731537752613, -0.49415770210022303, -3.456910191538556, -3.845000428462544, -3.8070707965639334, -3.7479572391528038, -3.738750605751607, -3.678155302020975, -3.5488201194946085, -2.906876356862068, -3.5290392876266328, -3.1357415591085274, -2.804944380305787, -0.4616786240568454, -3.3772997132939553, -3.8157501382859147, -3.7737115575529625, -3.7270059382654144, -3.6824090635698954, -3.551310994367353, -2.9274181039007723, -3.6470794735439833, -3.479434665038403, -3.2889256267783495, -2.8840923569783423, -0.4539437703473838, -3.28244963425866, -3.749171426993829, -3.7128278025691586, -3.667920863949623, -3.51022506722477, -2.9039264616447773, -3.77023835510715, -3.6412655081307315, -3.5388564353020255, -3.3238623572668367, -2.9183470963248412, -0.38053496928854197, -3.3114636599246925, -3.708556620794837, -3.6885608791000264, -3.5284082154042773, -2.9061343422536536, -3.813776304416016, -3.7170901370970086, -3.670115279245318, -3.503652807875207, -3.309185494668318, -2.754362164781208, -0.3603391916994179, -3.3710004752196547, -3.6766286084834854, -3.549919491176533, -2.917533041901591, -3.852532834551386, -3.7532507800871633, -3.6897088630833004, -3.59587706932957, -3.437743764208908, -3.0242510734474375, -2.206173649263163, -0.4493108023650491, -3.3483958992992267, -3.5371957731907635, -2.9239712709263435, -3.837706124242037, -3.7881820698177666, -3.7566621941770175, -3.63170875186979, -3.5075487097069633, -3.2254480009034787, -2.7298944076743616, -2.1973046398566685, -0.46816734063061544, -3.052509271835328, -2.891506960357622, -3.8812349330631775, -3.820017479157652, -3.791290976513193, -3.7513692734826565, -3.6543388068067055, -3.4971603887921963, -3.2541795288354063, -3.058698961900961, -2.8073658410259115, -0.2678871778659158, -1.5532035817584695, -1.6785268327423057, -0.14666056580765935, -0.02611796488640144, -0.055367240454278065, -0.07923938824687991, -0.08351975959106829, -0.06145848255452798, -0.01011233829051392, -0.00018606399144976927, -0.035923470398163335, -0.048277181596624155, -0.09227813241145955, -0.006794561071186269, 0.013337911678746045, 0.019995096528944472, 0.010734275884944534, 0.009122703704265331, 0.01121235727551478, 0.01069018558392193, 0.012657492964369542, 0.002956117426382076, 0.00042630844720413475, -1.575074974163591, -0.031752095214705844, 0.010851203790853399, 0.0045995323469710196, 0.015198158036417008, -0.002621948431968839, -0.0007463798561348444, -0.0013507143234986272, 0.00740499475242371, 0.014978341890831831, 0.013149006312690417, -0.06211104544773296, -1.511522875546403, 0.0064847165798065055, 0.03473285105466804, 0.022372873466738677, -0.01316094289013553, -0.004483200148031255, 0.0005394001515804045, -0.009863154960794252, 0.006474139681580094, 0.013157597102998495, -0.01811400544453638, -0.1846220014964497, -1.4156747466949309, -0.0068935405456575964, 0.009896521824194348, -0.0005748070143393552, -0.002718858514545641, 0.0024019291485974435, 0.007126257003624936, 0.00199870440291723, 0.01812861868795197, -0.018010331104742493, -0.044414283688081015, -0.12057906300367285, -1.4114876217943857, -0.029367446300160208, -0.00502053767465153, -0.015092159077054261, 0.002813310127114522, 0.006284920691670371, -0.012495027672359245, -0.0004318126761506439, 0.017862818998232437, -0.022907262345696403, -0.010860226319719673, -0.10918922957927, -1.42441331523598, -0.012469462975808877, -0.0037985514722777055, 0.012700323781827524, 0.005788470363437057, 0.015924108729297917, 0.024327389239472447, -0.017629456444104907, 0.0047183900945828045, -0.009353112475056007, -0.006410063562421193, -0.0766538686096471, -1.4459978745188147, -0.028340192599743595, -0.0008316493083245076, 0.018080565733430837, 0.016620888854823043, 0.010693792292537805, 0.0011119196145563098, 0.02717177864573967, 0.004148193326094148, 0.005459281293330139, -0.03915724718684975, -0.10536780033510383, -1.4215545300789163, -0.004141131391581236, 0.01294721131155079, -0.0005470234357187117, -0.004740420673286623, -0.022162298161689117, 0.0016802937472222763, 0.001506485031144435, -0.003979072834145711, -0.004516421825366084, -0.060096316254880565, -0.2206719318334324, -1.308451985832972, -0.00906538331894268, 0.014155334193231145, 0.004184367496212752, 0.0014012581107730375, -0.010340244463560785, -0.00547325702702094, 0.012646450101650272, 0.01656239424300167, -0.01550038894243763, -0.11732736302676776, -0.22927303340915403, -1.2369915109720935, -0.018327155727773776, 0.01166199572997541, -0.013782367465279093, 0.019850438523817616, -0.00038556208117550224, -0.0032919277845174493, 0.009716082018917943, -0.04108693086908856, -0.013766951843331356, -0.039491279383725826, -0.07017841124228413, -1.311978370969887, -0.2316783262594246],