{"vi_exp": {"vi_seed": 63660, "coeffs": [-0.4598971177528676, -0.6230130715241696, -0.7905292879644705, -0.9669026567641025, -0.9284635116393151, -0.9800252394361694, -2.164499341558888, -2.5105630094969027, -2.6447329796348353, -2.706536648539936, -2.650078853928833, -3.419911565684861, -3.618840184408352, -3.6230198673500826, -3.6287329325304394, -3.464025487911965, -3.3426253886141772, -3.3117188267061044, -3.295680275421085, -3.218259346222067, -3.1530490633922894, -2.897252643261078, -2.1341687235899407, -3.3438481454035838, -3.6078828908781273, -3.6169534486443946, -3.499723880291516, -3.380076623386635, -3.307810851091215, -3.3058244439458084, -3.2104789169657435, -3.1334700956310457, -2.9754280751760778, -2.2887549883721086, -1.8372796105116747, -3.3975954137474407, -3.5994651989654582, -3.4883653604202483, -3.379123031243147, -3.3215365082150945, -3.3073215368116435, -3.219348553978121, -3.121024592465366, -2.9280725638237897, -2.5028228128636787, -2.1324716791859912, -1.857317360826045, -3.306711667421769, -3.4935217026066043, -3.4374594732948, -3.282876523323224, -3.2886432448028327, -3.221561383081649, -3.128708028712813, -2.9270590053625916, -2.7396279007494693, -2.5606194918857117, -2.374235689745085, -2.06424998341594, -3.176274488745252, -3.3086346049410214, -3.2824624022142888, -3.2890997513678903, -3.207742410803433, -3.1323900007480767, -2.9084230996726044, -2.993936902136345, -2.810699312002319, -2.716917039111333, -2.488782994196773, -1.7863828546869465, -3.0058882021058118, -3.3085415367336903, -3.310829421435255, -3.1888843999449468, -3.149620069679115, -2.860476543442994, -3.163360694365463, -3.000782723286467, -2.905467502260558, -2.807266814085402, -2.273117701118029, -0.40143304561843035, -2.961896654186027, -3.303898855961522, -3.262812286018693, -3.1328744939459097, -2.8851312232429236, -3.241811953147355, -3.0746416463230686, -3.0193887370609565, -2.921373049845798, -2.538298395288678, -1.6669696902273372, -0.47967544310216853, -3.005745290371389, -3.213477994965722, -3.189150478537382, -2.892208566600444, -3.2642193358156035, -3.180246284104179, -3.0914240880608745, -2.9916105338288, -2.6818715534299247, -1.974966325924873, -1.4562388428970303, -0.6163928489200053, -2.9408917960999608, -3.1536675765344517, -2.9142666715707426, -3.327269008147782, -3.2600404342950005, -3.1724889560974616, -3.076439002376957, -2.790060776300381, -2.2530761751262403, -1.8869114454049305, -1.4829950950882784, -0.7078424989327993, -2.8520449101687957, -2.9459698721102825, -3.37121885396324, -3.2781585905223922, -3.2570121763146904, -3.1609389928013383, -2.926623144323634, -2.460929232638243, -2.2220137126443054, -2.004973218988728, -1.7009134965955301, -0.5287265192516125, -2.4595267626086668, -1.6150277803531041, -1.4500980615660162, -1.3103502428792906, -1.1992397757520026, -1.1823265218644305, -1.1576716110362641, -0.3570341583035378, -0.23910585255208153, -0.21859534050008356, -0.1836435455709245, -0.23171711043111448, -0.06962030477774506, 0.016318231346892607, 0.00147090682017953, -0.033532309946965336, 0.00884813745489843, 0.017420605238553117, 0.05127237350732041, -0.013769014636274755, -0.010073764003311666, -0.00421104877265264, -0.018530225118263795, -0.3011595615289109, 0.01826589850771062, 0.029101029793607916, -0.008961552213355333, -0.02333385236749592, 0.02518565108566109, -0.009481519687880108, -0.0009721257483158796, -0.027684583254098755, 0.024218936058582566, -0.015439259835648927, -0.1918544896831326, -0.38201384388212817, -0.03175596579829218, 0.007480750391364345, -0.03410194846539899, -0.0051293088162725564, 0.011018583569515638, -0.01175755837522074, 0.04593307127604427, 0.041296210758284185, -0.010709585411364835, -0.12020822254944444, -0.2659933724964689, -0.3612731256314763, -0.014468841109800828, 0.02992264688595669, -0.04290482416990486, 0.026364382060934954, 0.0005303140559932364, 0.011475746940917513, -0.009423919320035334, -0.04580287316421654, -0.04811895674120627, -0.10436333403386784, -0.11462046412781356, -0.2020578643536318, 0.0037680254277731333, 0.026642310106873856, -0.00039160160661900177, -0.021579323663547152, 0.009769229676251366, -0.015555072485988418, 0.016109691226908043, -0.05171273969999419, -0.025316230164228626, -0.07232820253343983, -0.08037031713603596, -0.32668447570687215, 0.02102675349641636, -0.01299112986243486, 0.007248353178857964, -0.03271608153966526, -0.019482799485304493, 0.038430969847914345, -0.015380055691608323, -0.03497419949977491, -0.02244620634141968, -0.07689209348164526, -0.1524336129006016, -1.0539814512764951, 0.014552485213565503, 0.009395649324948088, -0.024615576876929512, -0.0021535137168803057, 0.0071623201751018, -0.017825054569891172, -0.049086366996571935, -0.035919781695316275, -0.025910505286753125, -0.08111714005492847, -0.36262427192914837, -0.9885990777615389, -0.03916605869792242, 0.00401028817089521, 0.024285765410253925, 0.04871732921623559, -0.008607411284254204, -0.046963693960153916, -0.0420682332578522, -0.01488713995275333, -0.06336664133594178, -0.2188917775253615, -0.39313586295756414, -0.7882258366759811, 0.0067377826728652, -0.005651992830883695, 0.03695400925086267, -0.012974643143505637, -0.03751874789733869, -0.03875759053889285, -0.029176423233970763, -0.039294070471479606, -0.153073038086846, -0.2200154092708876, -0.3242290609241744, -0.7081807410154546, -0.019604134119065232, -0.014254604308535982, -0.03428498281172628, 0.005283646999853894, -0.017577123132963484, -0.04424866021930661, 0.002717949285502296, -0.07790149258181547, -0.06595069271917652, -0.17557395601472217, -0.28880308873939364, -0.7800215920211988, -0.03850911646020473],