{"vi_exp": {"vi_seed": 24486, "coeffs": [-1.2065621855658568, -4.616012314335571, -4.913536502835916, -4.848112026242589, -4.838920839107311, -4.8894529275927265, -4.980670921128799, -5.12412569024796, -5.142494520937277, -5.071550671574201, -5.043904105721518, -3.4900436725970394, -4.373807763824166, -4.357135128976099, -4.3329858331957345, -4.300790078928892, -4.247657517381342, -4.168416018284602, -4.129019397405803, -4.056421606645008, -3.8492819558992024, -2.937930763115696, -0.11099457542326657, -3.885090889545526, -4.344785162885506, -4.330871035895858, -4.29332324533749, -4.234780377877115, -4.125635393964835, -4.1105215034497045, -4.05246452293313, -3.845184409384707, -2.922340255309919, -3.329787998217676, -0.14525388392121763, -3.960579014286361, -4.310676156884153, -4.281931918862686, -4.231027284045208, -4.158354515989425, -4.109601558056552, -4.0438653159635525, -3.8547335558646565, -2.9332358047536933, -3.6911092569717137, -2.9536008354229355, -0.1667911010250056, -3.905555741103651, -4.2765424936341585, -4.225808708142568, -4.1512104450957565, -4.108833940965868, -4.05074590699916, -3.854430428345953, -2.9520807971381826, -3.927504600655079, -3.545234813909281, -3.120850420765926, -0.15122184384352372, -3.8394604715247596, -4.237802572599814, -4.157224042271938, -4.097707221123932, -4.0619843832944404, -3.856291442467126, -2.9461813366502216, -4.078855371391102, -3.8711392579876374, -3.6405780873734965, -3.165028230265641, -0.1301760214754895, -3.7760435043768754, -4.1577744887269255, -4.1161316194639515, -4.0422991770653915, -3.834396307254859, -2.9410859017521536, -4.189130235195402, -4.037721714559661, -3.8991533681815174, -3.6716451498921403, -3.1626466163539595, -0.06921778660193133, -3.7327300060375626, -4.104296818756095, -4.0406669766677314, -3.8554102011394304, -2.927561038729301, -4.249329226711926, -4.144973320652906, -4.046264567283764, -3.882839227604798, -3.6533316225753873, -3.1002031554771246, -0.002840724776197917, -3.76390883313046, -4.049724708307782, -3.8526954383296554, -2.927854964589207, -4.2790409373289515, -4.155253248703816, -4.109902193398101, -3.968613322704078, -3.7823407055321723, -3.388945003269108, -2.5041472854673974, -0.025840648801363716, -3.6986815933058472, -3.8464361649324275, -2.923397167245002, -4.307649032391377, -4.231560702003607, -4.139150026938257, -4.045019476862682, -3.8738898764379774, -3.592514030469436, -3.0471605592174997, -2.5170048291058547, 0.016540043395460027, -3.3282920098336186, -2.9316841111502616, -4.326942324615396, -4.280224158589332, -4.242133655665502, -4.205935944040738, -4.067546646019087, -3.8964489987918074, -3.6459067462075025, -3.4740021444758136, -3.1951315985296436, 0.16207849281835496, -0.7242439696948417, -2.018784327637395, -0.046080335682955074, -0.02206083675423543, -0.025392071586200434, -0.025506128560782555, -0.019378785329923657, -0.023359109150927596, -0.008743208103005778, -0.00961229004049807, -0.00822043811961482, -0.008237741706928757, -0.06972813576585238, 0.0020634575430877934, 0.006628510927499289, -0.0032812318555093672, -0.010928025131095826, -0.0017941720683558513, 0.0040715880107479304, 0.01130963690152878, -0.005559476852251603, -0.008417667852098394, 0.004195397830563506, -1.9436621493296258, -0.007422912519416347, 0.001201866329932028, 0.02029648047438699, 0.002577632418383393, 0.031028877644552387, -0.004906704891067127, 0.021173101817415062, -0.012741835503998931, 0.013471993484454428, 0.015541775853336182, -0.06890862535604593, -1.866108386189415, 0.008172271040929872, 0.020187468846228518, 0.004826111247575952, 0.0005835314948853232, 0.008856138082468632, 0.015137927684765656, 0.007590914115963725, 0.0050950652836173616, 0.02060540312392431, -0.03655751466810637, -0.12563839376518512, -1.8272300279848304, 0.007398859036234655, -0.010308435371607867, 0.0074572465253644185, 0.007509573442831453, 0.007147056225608541, -0.004709100056164884, -0.005819127502402746, -0.009825923344089672, -0.006335274710887247, -0.029689336617639797, -0.11365423705165156, -1.8176861146893348, -0.005201986651288719, 0.00873562158339172, 0.007073849053508576, 0.008587411790773384, 0.004510645158024299, 0.005755072722611391, 0.015113535447200415, -0.0002171966323727069, 0.011657102220155447, -0.03036365354496032, -0.1036420884766469, -1.8191843544623234, -0.006268908484725202, -0.009655135373763652, -0.010969663763108099, 0.0067082886856292545, -0.001983738889814327, 0.011681300141055579, 0.015571845014734945, 0.011927171059326886, -0.0029267181796479884, -0.04440965782250552, -0.08673363004302179, -1.807100573264291, -0.006255010477295176, 0.01530916954073832, 0.003903608758924103, -0.004397718557834384, 0.02683214851179479, -0.0016834733337737174, 0.00792179151150099, -0.0055346335151834035, 0.0021374649286508424, -0.02484259388328835, -0.051097381246005324, -1.808469440909481, -0.0011183854095181366, 0.0011046316990064387, -0.013993970574624289, 0.016460120855969044, -0.004899759428357945, 0.022707482527053853, 0.0032825591695214824, 0.014540092064918715, 0.0012408424683332728, -0.0436232718048076, -0.1952419543992542, -1.7225655627842364, 0.0024633300716854155, 0.005563756668025167, 0.012427522475411642, 0.01471708270725395, -0.0049542948853240195, 0.015792489826795878, 0.013936198909230365, 0.004333044254757233, -0.010172492941906064, -0.07215990058773955, -0.1624223754607284, -1.718778648881361, -0.03218601626924904, 0.016444677777261274, -0.0028070415280700444, 0.0141152328718927, -0.002747917123960733, -0.011081519255502834, 0.004669390805084395, 0.011433072412530266, 4.3728015887226e-05, -0.018749523163852443, -0.03462227136487387, -1.688613052420243, -0.5196294002994439],