{"vi_exp": {"vi_seed": 1751, "coeffs": [-0.6152789354533702, -2.817817631074367, -2.953126150854612, -2.97577081454562, -1.4115985438713234, -1.1806784559647447, -3.125503137956053, -3.505654088942308, -3.537250273592832, -3.615991213019574, -3.7098702354420854, -3.4278921866070693, -3.840259255615406, -3.8166093140352806, -3.804112394843974, -3.7300471107768542, -3.5434306201560006, -3.384990846387181, -3.3161089122988407, -3.277298157418808, -3.140956620399938, -2.941649863298656, -0.3726886287672978, -3.5149041126925433, -3.78353801342496, -3.8064397392096163, -3.7378418381085843, -3.561811278740685, -3.4111513776097158, -3.3190409349511656, -3.297272865880283, -3.148668743530943, -2.913272934898621, -2.0505878494752707, -0.5684045079511093, -3.499864648661688, -3.804819005748595, -3.7507923721919707, -3.551329018562766, -3.4094248244507708, -3.3614536799291574, -3.282292425519988, -3.1487716005674242, -2.933898228159125, -2.3790914151688445, -1.8538289537448396, -0.794217228627981, -3.511542586494246, -3.741834633652079, -3.555220651716505, -3.3971633802391077, -3.311953390709511, -3.27477775433296, -3.1256609332010723, -2.9371122973726442, -2.752437348553289, -2.471533615029626, -2.1927190257073956, -1.7655280304997858, -3.2560636108371024, -3.565866110524755, -3.4255488898014144, -3.3265316284074644, -3.2932612551823564, -3.1526513800098983, -2.9342131232527295, -3.31145846832053, -3.206585712211745, -3.12577338514362, -3.0217055812815823, -1.451061588260752, -3.0242789296485824, -3.432450389980331, -3.3414735794641315, -3.2791993681520033, -3.1322548177551695, -2.916876997260981, -3.596722225675383, -3.565083023219666, -3.5020977202073422, -3.460274496131923, -3.067004350213182, -0.1857274533836032, -2.9660601756964495, -3.330135975958554, -3.2654045101348586, -3.133812704767423, -2.940426674191605, -3.682640287351512, -3.6359373154545, -3.6242695721559253, -3.5876770346394644, -3.343124044307922, -2.5019080109541143, -0.054025138146685914, -3.0370810693061885, -3.187801458072178, -3.150977647081846, -2.9466733926356197, -3.678125999734522, -3.6574728118118593, -3.641186395118525, -3.6084092629482365, -3.3527483135107365, -2.5857586160328574, -1.211118894719994, -0.35367042658192116, -2.957886688846598, -3.151206009618182, -2.9360326148125595, -3.7322005492997823, -3.6753475928594703, -3.666229652405544, -3.6176596978235604, -3.439449081836901, -2.867592205242121, -2.1718892900950797, -1.6068931235813495, -0.24287303870178797, -2.7829020043574255, -2.941194774321584, -3.7604442004876306, -3.7351311629592487, -3.7051590835684887, -3.7136883771183338, -3.5314320097591954, -3.0818239071423594, -2.5674778022184706, -2.277749506286063, -1.9267809234064337, -0.0242968091474294, -2.5343064832811733, -1.5961778899007935, -0.189950871225267, -0.15719098826830605, -0.14894278935367206, -0.9025172769986065, -1.083516693523231, -0.10840546190813327, -0.026758069062372422, -0.046373110747364873, -0.04346978807007245, -0.03637506470045987, -0.020310427725856832, -0.02441447159115606, -0.006830184130168311, 0.010968613569546986, -0.01156528687733135, 0.01611022757299147, 0.027325811964757522, 0.015814101440074887, 0.011629668132825234, 0.021745217414571142, -0.008828566050679951, -1.4928834190085225, -0.01911248460268336, 0.011228929234936284, -0.0031618389569206587, -0.005227234730021, 0.008979501750976483, -0.01937355613358371, 0.012364580231019634, -0.001296305501747559, -0.009171954792263553, -0.012925803699972555, -0.3246236039080801, -1.2783685601981989, 0.0024045849896896176, -0.011714387416502861, -0.013378772423185865, 0.0049096533515683586, 0.0107132881029925, -0.01064513936564603, 0.007911441627506371, -0.002187753382191804, 0.006723183111476752, -0.20897152105944516, -0.3936104806795961, -1.1056553338805981, -0.0006053351829593693, -0.0189051164980778, 0.018265237968573652, 0.013905567812611977, 0.012903877329008152, 0.0014364667200396754, 0.010322890677750664, -0.007291264846152187, -0.0980271948139987, -0.15306943759383618, -0.2664265014970383, -0.4425743978598732, 0.0042131238213550136, -0.003305306030477255, -0.01654489703646636, 0.0011597063428265796, -0.002801077357236621, -0.005270263157296287, 0.0035929965492336054, -0.0229135760715846, -0.027292213238979703, -0.032710050394540904, -0.04687168526228983, -0.5466903832452478, -0.049372135655445674, -0.011639315225837252, 0.014320300682828312, -0.027116391115811576, 0.0014454797196813984, 0.0006382194373061981, 0.01882053330108395, 0.01177269609286061, -0.0006727054595236237, 0.01934045461961537, -0.033316403786401445, -1.3784600146572181, -0.024532529252199006, 0.011907370632582752, 0.0004949452872798257, 0.011728517467512701, 0.008524480416388551, 0.007029195767217046, 0.014041501671714345, -0.009138066794261563, 0.012318848832300751, -0.011108975671510365, -0.0962457824473819, -1.3646499279895004, -0.019629808297725496, 0.0015029968774444625, 0.0015814778084912511, -0.011555086247538567, 0.0026810403584168574, -0.0029215697726031253, -0.00695353015761155, 0.0007734923249563532, -0.0059843691330209985, -0.06908044715951946, -0.5162801413115378, -1.0563318295903181, -0.012442812865826547, -0.006028474426429979, 0.002451760202475201, 0.004469250977994563, 0.008753725736047338, 0.01193025470360113, 0.035246144495820024, 0.002363259325486495, -0.037209594571055694, -0.14492509061094141, -0.3264382392848692, -1.0946953276792803, 0.0036278706295972615, 0.0091820575713787, -0.022929885482842496, 0.003281303746798735, 0.0031840902688456, -0.014718394623992978, 0.00033323273686110277, -0.018250323611168313, -0.0492876266786006, -0.08942677134432979, -0.18704107519473898, -1.1591559984937638, -0.005473369047819737],