{"vi_exp": {"vi_seed": 49763, "coeffs": [-0.8448057272405971, -3.7908382147137276, -3.937382848440482, -4.166887589098733, -3.590380059766666, -4.088614330265292, -4.302683145132499, -4.561431080400771, -4.617051842586872, -4.544160531734658, -4.67943512866706, -3.7798805415170884, -4.2043047901642705, -4.154528299664775, -4.142895160715641, -4.036282034750953, -3.9101032791853263, -3.776099461860967, -3.7064554411578685, -3.6273646408050166, -3.3754206467199053, -2.9375606176746927, -0.0033477302406905184, -3.8624057566874903, -4.15531509400623, -4.145130962904007, -4.012741303858782, -3.9102341531364413, -3.7629182322155743, -3.7337600306466663, -3.6308411101814464, -3.375056266553646, -2.932101809368322, -2.593911375890361, -0.054429557755876296, -3.822571845961221, -4.164367718293616, -4.039392261627372, -3.8939091184967567, -3.774022327530371, -3.711157182110254, -3.6329575776624496, -3.380785727822689, -2.9367518214899397, -3.067654669942735, -2.468592123974638, -0.06899738613218034, -3.858218120946949, -4.041025815161449, -3.912537088721317, -3.771745609305962, -3.7049644556969636, -3.6319920315095464, -3.3871494538842, -2.959200075227668, -3.1659913145360843, -2.680834367989487, -1.7935158191095482, -0.2605726275469603, -3.572269483162446, -3.912293351765621, -3.750426193810018, -3.7102183300345497, -3.6435200140102895, -3.3803911886386473, -2.9485085154491353, -3.648865221228833, -3.450679976088325, -3.198478704599342, -3.1059782352927523, 0.07835713424584452, -3.5054546214927798, -3.764490337710477, -3.6884099213759423, -3.650535399145535, -3.3836937599158854, -2.9657831945994126, -3.8243466079108948, -3.7153418279320833, -3.5633908704214363, -3.4952426919816304, -2.8169872696080103, 0.19767143670062987, -3.363168420703469, -3.7199176608895934, -3.645271099993747, -3.3732762780058163, -2.953518363095253, -3.9818751161863952, -3.8759185936356575, -3.766110141108349, -3.721664964507741, -3.3114371711285018, -2.703916287350829, 0.3445565186456622, -3.412651667348151, -3.643403325753636, -3.3645265415386665, -2.9591513497836273, -4.006112281134451, -3.908784473217745, -3.82096072238575, -3.7782729129004324, -3.4291709444157634, -2.902473979664255, -1.8061217666191172, 0.28758989443715166, -3.3091431786963734, -3.3912073174387634, -2.930425470258072, -4.038852919612212, -3.97513107642145, -3.8959549153652024, -3.8409941988817637, -3.5204136054306687, -3.1285603723116147, -2.3769834898209283, -1.9249437922547818, 0.32983168788827927, -2.8963396455338906, -2.954132476031806, -4.090764512887247, -4.0582844763899795, -3.988715563132987, -3.9506565216723617, -3.7448061583510395, -3.478049022994965, -3.0963151973648073, -2.936281757820816, -2.631150253451657, 0.6981852910227554, -2.271520443723441, -1.964612234850067, -0.11653782516527791, -0.09695904577598329, -0.03961749627092809, -0.1867201112972535, -0.07254840014365015, -0.03794756490010971, -0.021206193202381405, -0.018718353229827754, -0.0008983186044038735, -0.02294926827828129, 0.002512701459116219, -0.007500783225129513, 0.012868145794373932, -0.004627902320374381, 0.015938945879885164, 0.0028063759408268967, 0.0028557405016348078, -0.0005846124258235542, 0.007894084176839832, 0.012515084192769215, -0.0014054272715047422, -1.8950980009794989, -0.02242260482335977, 0.011893693021879351, 0.008814959108028621, -0.0015604211870251193, 0.014854463256308952, 0.01439890850150157, -0.0024713266399590283, 0.000753505709073881, 0.005807621713968888, 0.000175297880880258, -0.1709742474721074, -1.7965017496642586, -0.01062559892990554, 0.008443823354025095, -0.014191708269934804, 0.015539645554411292, -0.007388601558354604, -0.0015577539727984707, 0.013917641886364575, 0.0002356070805959693, 0.017299909577325197, -0.09216301416582849, -0.22250885165084347, -1.7340746767350879, -0.010138286143203017, -0.007368273456294165, 0.0016978090225109722, 0.014741883149436173, 0.012464264628829666, 0.013807476183211395, 0.010897512474105087, -0.009222327611392878, -0.07892563857382179, -0.16691652727376857, -0.44769517349884214, -1.5602136686801766, -0.0008192410719484157, 0.00763332700819044, 0.014810683636627537, -0.0065242977397175226, -0.006253513997402831, 0.0075917881159547045, 0.00015698717445155632, -0.012720959094070212, -0.025461795139467492, -0.043202510645062135, -0.054528046005793286, -1.7864420767672056, -0.015213456745299657, -0.01000647831556544, 0.024067354586261507, 0.0024903736386188893, 0.0067247929969081275, 0.007122093142582359, 0.018711680631798008, -0.015803423707489453, -0.004453566311745795, -0.0023492717319059746, -0.08992702149773502, -1.754768452064124, 0.006348584563968955, -0.0025844658851492228, 0.010186079231655406, 0.00712014421511655, -0.004174910966074657, 0.005213524911951589, 0.018370555339140077, -0.004028383989370922, -0.010727563785796862, -0.019810377129973248, -0.07900038238265604, -1.7783800831729664, -0.02406018348212776, 0.01579530053402354, -0.007154363808953543, -0.008986708293697661, 0.018013044793863866, 0.003472879687234088, -0.011078094682559197, 0.012002230641421058, -0.019850557219666, -0.04637570212484197, -0.27815952850181547, -1.6696343406614933, 0.02345690805589467, 0.012243713459176306, 0.014308886555579142, -0.017843426529679445, 0.021020130555252696, -0.0019280281202960757, 0.000829305802909758, -0.011442167599141866, -0.022726361776934597, -0.12109970819904228, -0.2274764626070521, -1.6198878089371602, -0.014993967530847174, 0.009078020354486014, 0.011943936304469773, -0.023810663919204268, 0.0019250940021661085, 0.0016594695864303392, -0.009401838161163556, -0.009743546346791466, -0.029036461423768197, -0.030207709169016373, -0.03559162202253163, -1.7516477015590748, -0.046889950617302306],