{"vi_exp": {"vi_seed": 14982, "coeffs": [-0.9755172201912717, -2.7896018679385026, -3.170313073272837, -3.3644253145309313, -2.4635160359297954, -3.032974568829662, -3.374100289127893, -3.801174214359261, -3.8323622332608656, -3.684738354323229, -3.546499936864544, -3.4147485135022544, -3.770407810839475, -3.729157901234414, -3.7341113357345947, -3.66204712140291, -3.581393390953062, -3.4927692042566303, -3.463586163423707, -3.4013415109167657, -3.2225193741426192, -2.9209098848691357, -0.3598228453635213, -3.421785495443452, -3.7625051960468525, -3.7645009696915364, -3.681597549608145, -3.611038919549452, -3.502263470962469, -3.4708011664504945, -3.402084914612179, -3.254161702316871, -2.9226665039238666, -2.3235800193348206, -0.42151607753966513, -3.4255559298480103, -3.743923213814042, -3.6616972011367213, -3.592996842284582, -3.49605683694417, -3.4511448936275584, -3.412389830556854, -3.247850404499213, -2.912176633223377, -2.66363147707376, -2.006370346147024, -0.5635984079370407, -3.4754994658141243, -3.674626617714453, -3.5887222210027643, -3.47855805850502, -3.457679303769165, -3.4021277098599643, -3.2481820225180655, -2.917585584939817, -2.786270055853149, -2.2848408463051872, -1.7037542306743791, -1.1527875932400709, -3.237168806526381, -3.5771151496038733, -3.503906152091569, -3.449703466178777, -3.4044380525716447, -3.248272930371343, -2.951093246435165, -3.1811833882637988, -2.9391074170731732, -2.778923145931255, -2.6822873487636616, -0.49240958428161635, -3.1965616024161294, -3.4834474814117726, -3.4494552618049195, -3.4066649493373795, -3.263742158027059, -2.94196057457017, -3.4067531545277503, -3.253927703460202, -3.122913530015997, -3.0875036144682264, -2.4909096055163453, -0.34540797670154, -3.1076443999293364, -3.4573957408981904, -3.3881337933121127, -3.2330850814206373, -2.924574109531291, -3.5159840805028937, -3.4215898370219304, -3.356701353101259, -3.31831126876708, -2.9502223454203595, -2.3918897818511926, -0.20397511675755187, -3.1297383143112136, -3.40586977783647, -3.2435929388714007, -2.908512169438348, -3.558307336621372, -3.446741498479352, -3.40423335872891, -3.363556870567764, -3.036659630992327, -2.5799522813395916, -1.5999489128761972, -0.4203687625161285, -3.0818698427027593, -3.2596537797411664, -2.9332981406423757, -3.5805721186298047, -3.50124180802814, -3.458229802608392, -3.4138702981002713, -3.140239495296746, -2.777413911727131, -2.1149522358706685, -1.7447936013924854, -0.4681393115763052, -2.816072092958936, -2.925501016187947, -3.653333188829738, -3.591559126905782, -3.567224176146639, -3.5404095926245214, -3.341230995148963, -3.102816763423888, -2.7387321428455205, -2.5883028334267513, -2.347597570317787, -0.08447963771745635, -2.2558021127434156, -1.6599055110419538, -0.32918036935195105, -0.21504229192953944, -0.11995747183672603, -0.4964954078985215, -0.23079252730874983, -0.13428876898915904, -0.05813934654654505, -0.06850759463621613, -0.10501067458795348, -0.13105628295760482, -0.018785485106589648, -0.002864107778718143, 0.013833114380487899, 0.006893336127793841, 0.011208052950863422, -0.005331699051401192, -0.023951455760461822, -0.012529334635071856, 0.010185282807179733, 0.012057451117573125, 0.003569228669814655, -1.455697162845441, -0.020674361799801363, -0.009639221586368686, 0.0009793182453267288, 0.020258769230838736, -0.00722190017241919, -0.00906864034665109, 0.004870672155228104, 0.00036102645582413486, -0.005124701560714104, 0.009802463710571772, -0.23118739917258174, -1.3656234058353194, -0.012939941275728891, 0.003109975199016717, 0.023768788445460542, 0.012466568359260804, 6.842303714893653e-05, -0.002790725733042241, -0.011376313702646986, -0.004242261489938789, 0.006452255209346432, -0.1108341753773924, -0.2954411420950776, -1.2235378512745554, -0.005226238046296366, -0.006115475349585097, 0.013250559021879394, 0.01626869492064369, -0.003010410269162871, -0.004872420852967744, 0.008332599903890583, 0.015875179479149307, -0.11711505522807006, -0.2170357193293437, -0.4483490004360787, -0.752147976959009, -0.018573615593673074, 0.01640383481649443, 0.007072580558846911, 0.0015898868412138804, -0.004523769503912023, -0.012143275705234283, -0.00433359306039804, -0.0047725534660440425, -0.03849870959085967, -0.07018960241229064, -0.08983421571861093, -1.2097894856174927, -0.005151307102004874, 0.005401857752818884, -5.788601525180704e-05, -0.004116647184693396, -0.005597700210559263, 0.0004913567442056313, 0.00543142174631513, -0.019822072160501303, -0.03680169535568944, -0.03713186056413405, -0.13574122014434167, -1.2612107334795242, -0.009379816454499052, -0.00583291586882448, 0.0229350971869499, 0.0024587003186356416, 0.017827154071695175, -0.0035085954579857645, -0.005881304826765145, -0.02153291011031907, -0.02233939264792461, -0.03426002810141799, -0.1260500826642703, -1.2967931221972002, 0.023998665451909904, 0.010485716767024944, 0.013228686807679, 0.009867055708705868, -0.011169668224986554, 0.01844904368235725, -0.019845651630860155, -0.0026833157170380382, -0.026781488071984338, -0.08685057748005388, -0.3642967221646648, -1.0788533320159213, -0.009817991401733058, -0.005461279141675077, 0.02665165579310333, 0.030802359663754646, -0.008820832528373212, -0.008869745103599327, -0.02629823613568372, -0.03582132766647971, -0.06890703683325548, -0.1711991968893787, -0.30982935467825506, -1.011878902811415, -0.017701264688518112, 0.004447704143920918, 0.018739426193857246, 0.014991563440871446, 0.0043237794346571955, -0.00773728732358931, -0.015805082276758472, -0.002392483427064615, -0.05705105921525008, -0.05931676449774847, -0.11673396435241759, -1.2205551350798405, -0.060837684040938],