{"vi_exp": {"vi_seed": 7832, "coeffs": [-0.35145446040078, -0.6990340108997364, -2.273746644546551, -2.203746533790287, -1.4554258852518647, -2.825194678925596, -3.5525905459413485, -3.7105676605812397, -3.7961482374146063, -3.860380405355098, -3.9488849371789487, -3.745337569383488, -3.973279657714842, -3.9413256611474146, -3.899076897112503, -3.767082793364046, -3.6066943978515313, -3.532845009869701, -3.4778845337240583, -3.3994871408696117, -3.2382614283713194, -2.916602305456217, -1.0445069599079877, -3.6648681250619903, -3.950487800413014, -3.92218222691098, -3.7738489262268238, -3.6213339362899606, -3.51100543311901, -3.434714858700107, -3.3877513169668028, -3.235831036752503, -2.9421633888658425, -2.231665102233561, -0.008242970694585044, -3.64945240332448, -3.884576270656747, -3.771527911522855, -3.6156686224617793, -3.549516013596446, -3.464359371836562, -3.3768671649241813, -3.2258303355308295, -2.9304875881344503, -2.4242976149233226, -1.5025446052606828, -0.22894151816893718, -3.6111335103386746, -3.7782740891402504, -3.6018065009306985, -3.5141701186625864, -3.454651470781985, -3.391836396200005, -3.245177767015784, -2.9358041149373135, -2.7913316621333792, -2.3348475801938906, -1.8747440193198723, -0.5547155815147746, -3.37540264719278, -3.6130864072325317, -3.5381560185793752, -3.4698817940088404, -3.388898376420413, -3.2439260352099333, -2.9314759636534915, -3.283480866726593, -3.0428202607843224, -2.869688442463879, -2.651291623148248, 0.19688905563272524, -3.2229066325222933, -3.5121106603777563, -3.454574748016804, -3.400753746911372, -3.251758022594105, -2.969047315640651, -3.5292489080556675, -3.3972286162572556, -3.2879146824394447, -3.1684063364654063, -2.5366291632756037, 0.44751121786891496, -3.193221671401517, -3.4555390518713702, -3.3870720546239386, -3.2210106711661353, -2.946785004917883, -3.631884324280067, -3.4917091212450324, -3.4081731438810854, -3.298222167196398, -2.8270255872950956, -1.8521443596618659, 0.4623473780879562, -3.166671664224954, -3.400582819105615, -3.2326829079422135, -2.9436558576845777, -3.6910957830315922, -3.554972068915854, -3.4881391447934784, -3.4114264707827364, -2.9683307129611896, -2.214619278003499, -1.536659452494752, 0.4307303844851638, -3.0394626238915254, -3.2476211266801744, -2.93385232508779, -3.720380664906185, -3.6031463823631067, -3.5405044486072765, -3.469817411391022, -3.0950757385791707, -2.508294060743318, -2.04106014842125, -1.5342515167305233, 0.4601897161782163, -2.8890960924018336, -2.9615304296336005, -3.797638340088455, -3.6927487394052427, -3.6376037058098634, -3.5557366300750597, -3.2498730068036528, -2.829572708238328, -2.530306383095052, -2.2527529933374355, -1.8751972229491354, 0.6883635422391897, -2.470415476019688, -1.932468025379775, -1.619630173980291, -0.46342205789201407, -0.477380178020919, -0.9773851661634849, -0.22062729996649086, -0.04489821177334604, -0.04518120692846259, -0.022885107350427814, -0.03374542053419949, -0.009633892139735395, 0.012369884972792516, 0.01501385534033897, -0.007832570803039925, 0.00885512244498162, 0.02356712868707123, 0.00934253788287762, -0.0011676447103088307, -0.00031994709007485627, 0.0118188421426765, 0.012804159755978338, 0.025985628780857205, -0.8269348818633582, 0.004486969026694567, 0.017434382463431406, 0.013615257348769127, 0.019305243908867096, 0.0013157142912012382, 0.013183600547109023, 0.0010499175451182039, 0.0015961633373534738, 0.003699787085859431, 0.0023227241852701026, -0.2519326446228704, -1.6483573099821323, -0.0056071223617152315, 0.006498374754225064, 0.009309325061521712, 0.018199458375907883, -0.0027729154344034506, 0.006253933591784989, 0.0010091425420901616, 0.012211071690033928, -0.001320067115968064, -0.18066340526414817, -0.49872532797063435, -1.4000209478147778, -0.013854425020341574, -0.004727971854993096, 0.014559946432219473, 0.02569383828905302, 0.011482494253499646, 0.010915602172097964, 0.004032765771222583, 0.010777659051673988, -0.10385909635209704, -0.1952794629870674, -0.3315045507284576, -1.0779810457969783, -0.007313209378001846, 0.016914738974695587, -0.01076606955550616, -0.003815558079957056, 0.01552522643990834, -0.010009279251217022, 0.0005849078800666478, -0.03172678804731909, -0.03621111321486301, -0.06487768669975108, -0.08055251335489826, -1.627981989164798, -0.024717431962116895, 0.0024087199519467442, 0.0006324728427022128, -0.00542972065712279, 0.009270566417296662, -0.00029651947297244433, 0.0002906681193561796, -0.016937381622598915, -0.00954339869174468, -0.007975570486058929, -0.10707388480424607, -1.7133344730923397, -0.012124038971633605, 0.019058652073996003, 0.008813721818446514, 0.009612118328600872, -0.00244503913261782, 0.0016349040978820618, 0.008589468151296431, -0.014712045005341562, -0.01154665275655739, -0.041465369571825894, -0.233805934423424, -1.6470785354781614, 0.008480069321130806, 0.005453037544681503, 0.018172770696142985, 0.01486824629148583, 0.006751660526608267, -0.005464638513643841, -0.006212183264353844, -0.023255019692487534, -0.017052655126812106, -0.13745753029762284, -0.31077418758675773, -1.5701250362190464, 0.002111157464542316, 0.006355685732275606, 0.004527392045067892, 0.017345297658188662, 0.004453850822268977, 0.0027859331938781913, 0.0016832146463971606, -0.0306992577779692, -0.06729795881531626, -0.1522318654572488, -0.2948788967004039, -1.5161836097666925, 0.024101660207723887, -0.005521824264770292, 0.0017456446810121846, 0.013978774266847276, -0.0017099061933718688, 0.0037071449134440776, 0.005066557816058708, -0.04638089104805947, -0.04981770251227085, -0.06923611898448753, -0.17114125497611682, -1.607539882401429, -0.014083878847751129],